Workbook

Sheet Numeros generados
A1: n | B1: X_n (valor crudo) | C1: Normalizado (0 a 1)
A2: 1 | B2: 1025555898 | C2: 0.238781
A3: 2 | B3: 3923423697 | C3: 0.913493
A4: 3 | B4: 2630631676 | C4: 0.612492
A5: 4 | B5: 3981355051 | C5: 0.926981
A6: 5 | B6: 211918734 | C6: 0.049341
A7: 6 | B7: 3675562389 | C7: 0.855784
A8: 7 | B8: 1550419440 | C8: 0.360985
A9: 8 | B9: 228089999 | C9: 0.053106
A10: 9 | B10: 295425186 | C10: 0.068784
A11: 10 | B11: 4225977241 | C11: 0.983937
A12: 11 | B12: 4178165796 | C12: 0.972805
A13: 12 | B13: 2281704755 | C13: 0.531251
... A1001: 1000 | B1001: 2431682671 | C1001: 0.56617

Sheet Verificacion
A1: Verificacion de distribucion — 1000 numeros LCG
A3: Parametros usados | D3: Estadisticas generales
A4: Semilla (X0) | B4: 7 | D4: Media esperada | E4: =AVERAGE('Numeros generados'!C2:C1001) -> 0.49072101 | F4: ≈ 0.5
A5: Multiplicador (a) | B5: 1664525 | D5: Minimo | E5: =MIN('Numeros generados'!C2:C1001) -> 0.000346
A6: Incremento (c) | B6: 1013904223 | D6: Maximo | E6: =MAX('Numeros generados'!C2:C1001) -> 0.999142
A7: Modulo (m) | B7: 4294967296 | D7: Desv. estandar | E7: =STDEV('Numeros generados'!C2:C1001) -> 0.29313702 | F7: ≈ 0.289
A8: Cantidad generada | B8: 1000 | D8: Varianza | E8: =VAR('Numeros generados'!C2:C1001) -> 0.08592931
A10: Conteo por intervalos
A11: Intervalo | B11: Desde | C11: Hasta | D11: Conteo | E11: % del total
A12: [0.0 - 0.1) | B12: 0 | C12: 0.1 | D12: =COUNTIFS('Numeros generados'!C2:C1001,">=0.0",'Numeros generados'!C2:C1001,"<0.1") -> 102 | E12: =D12/1000 -> 0.102
A13: [0.1 - 0.2) | B13: 0.1 | C13: 0.2 | D13: =COUNTIFS('Numeros generados'!C2:C1001,">=0.1",'Numeros generados'!C2:C1001,"<0.2") -> 118 | E13: =D13/1000 -> 0.118
A14: [0.2 - 0.3) | B14: 0.2 | C14: 0.3 | D14: =COUNTIFS('Numeros generados'!C2:C1001,">=0.2",'Numeros generados'!C2:C1001,"<0.3") -> 98 | E14: =D14/1000 -> 0.098
A15: [0.3 - 0.4) | B15: 0.3 | C15: 0.4 | D15: =COUNTIFS('Numeros generados'!C2:C1001,">=0.3",'Numeros generados'!C2:C1001,"<0.4") -> 105 | E15: =D15/1000 -> 0.105
A16: [0.4 - 0.5) | B16: 0.4 | C16: 0.5 | D16: =COUNTIFS('Numeros generados'!C2:C1001,">=0.4",'Numeros generados'!C2:C1001,"<0.5") -> 96 | E16: =D16/1000 -> 0.096
A17: [0.5 - 0.6) | B17: 0.5 | C17: 0.6 | D17: =COUNTIFS('Numeros generados'!C2:C1001,">=0.5",'Numeros generados'!C2:C1001,"<0.6") -> 89 | E17: =D17/1000 -> 0.089
A18: [0.6 - 0.7) | B18: 0.6 | C18: 0.7 | D18: =COUNTIFS('Numeros generados'!C2:C1001,">=0.6",'Numeros generados'!C2:C1001,"<0.7") -> 97 | E18: =D18/1000 -> 0.097
A19: [0.7 - 0.8) | B19: 0.7 | C19: 0.8 | D19: =COUNTIFS('Numeros generados'!C2:C1001,">=0.7",'Numeros generados'!C2:C1001,"<0.8") -> 94 | E19: =D19/1000 -> 0.094
A20: [0.8 - 0.9) | B20: 0.8 | C20: 0.9 | D20: =COUNTIFS('Numeros generados'!C2:C1001,">=0.8",'Numeros generados'!C2:C1001,"<0.9") -> 99 | E20: =D20/1000 -> 0.099
A21: [0.9 - 1.0) | B21: 0.9 | C21: 1 | D21: =COUNTIFS('Numeros generados'!C2:C1001,">=0.9",'Numeros generados'!C2:C1001,"<1.0") -> 102 | E21: =D21/1000 -> 0.102
A22: TOTAL | D22: =SUM(D12:D21) -> 1000 | E22: =SUM(E12:E21) -> 1
